athlete_id,start_time,end_time,session_id,avg_hr,min_hr,max_hr,rmssd,sleep_quality,report_quality,session_rating,session_comment,timezone_offset
41,2026-09-05 05:16:03.433000+05:30,2026-09-05 05:18:40.683000+05:30,movesense_synapse|213330002589__20260904T234603433000,60.686,58.948,62.75,69.18891998669693,,0.987,4.0,,+05:30
41,2026-09-06 08:49:11.073000+05:30,2026-09-06 08:51:48.323000+05:30,movesense_synapse|213330002589__20260906T031911073000,59.503,56.817,61.69,236.1782739678044,,0.969,4.0,,+05:30
41,2026-09-07 04:56:07.296000+05:30,2026-09-07 04:58:44.734000+05:30,movesense_synapse|213330002589__20260906T232607296000,56.45,53.799,58.04,75.61864239176948,,0.992,4.0,,+05:30
41,2026-09-08 04:22:08.103000+05:30,2026-09-08 04:24:45.364000+05:30,movesense_synapse|213330002589__20260907T225208103000,64.846,61.547,68.65,51.11592394372557,,1.0,4.0,,+05:30
41,2026-09-09 05:24:04.262000+05:30,2026-09-09 05:26:41.512000+05:30,movesense_synapse|213330002589__20260908T235404262000,56.182,53.695,61.04,171.92417925985953,,0.983,4.0,,+05:30
41,2026-09-10 05:11:07.617000+05:30,2026-09-10 05:13:44.867000+05:30,movesense_synapse|213330002589__20260909T234107617000,60.731,53.956,65.22,60.36185830028217,,1.0,4.0,,+05:30
41,2026-09-11 08:30:10.513000+05:30,2026-09-11 08:32:47.763000+05:30,movesense_synapse|213330002589__20260911T030010513000,62.959,56.224,68.0,105.7403980159842,,0.972,5.0,,+05:30
41,2026-09-11 08:33:34.444000+05:30,2026-09-11 08:35:41.694000+05:30,movesense_synapse|213330002589__20260911T030334444000,60.575,53.502,65.67,243.467976329153,,0.967,4.0,,+05:30
41,2026-09-12 05:05:45.497000+05:30,2026-09-12 05:08:00.624000+05:30,movesense_synapse|213330002589__20260911T233545497000,64.616,60.453,74.41,80.9285033453431,,0.988,4.0,,+05:30
41,2026-09-13 08:47:58.471000+05:30,2026-09-13 08:50:35.721000+05:30,movesense_synapse|213330002589__20260913T031758471000,61.203,57.04,64.6,143.34220630617372,,0.991,4.0,,+05:30
41,2026-09-14 08:19:55.094000+05:30,2026-09-14 08:22:02.344000+05:30,movesense_synapse|213330002589__20260914T024955094000,57.815,52.692,71.02,270.3904718755983,,0.948,4.0,,+05:30
41,2026-09-14 08:22:38.722000+05:30,2026-09-14 08:25:15.972000+05:30,movesense_synapse|213330002589__20260914T025238722000,54.163,50.754,60.88,176.0620435859355,,0.983,4.0,,+05:30
41,2026-09-15 05:23:18.873000+05:30,2026-09-15 05:25:56.123000+05:30,movesense_synapse|213330002589__20260914T235318873000,54.101,48.574,60.7,278.5336124125653,,0.953,4.0,,+05:30
41,2026-09-16 05:05:56.055000+05:30,2026-09-16 05:08:33.305000+05:30,movesense_synapse|213330002589__20260915T233556055000,54.48,52.806,56.13,90.16474193769837,,0.998,4.0,,+05:30
41,2026-09-17 05:06:46.712000+05:30,2026-09-17 05:09:23.962000+05:30,movesense_synapse|213330002589__20260916T233646712000,63.48,60.39,67.7,36.60717117580879,,1.0,4.0,,+05:30
41,2026-09-18 05:36:24.206000+05:30,2026-09-18 05:39:01.456000+05:30,movesense_synapse|213330002589__20260918T000624206000,51.644,42.19,55.03,187.0631638271875,,1.0,4.0,,+05:30
41,2026-09-19 04:59:46.259000+05:30,2026-09-19 05:02:31.122000+05:30,movesense_synapse|213330002589__20260918T232946259000,47.871,45.423,51.9,164.68654490936305,,0.867,4.0,,+05:30
41,2026-09-20 05:07:46.095000+05:30,2026-09-20 05:10:23.345000+05:30,movesense_synapse|213330002589__20260919T233746095000,61.267,51.867,69.12,68.16800069817384,,0.956,4.0,,+05:30
41,2026-09-21 08:08:00.716000+05:30,2026-09-21 08:10:37.966000+05:30,movesense_synapse|213330002589__20260921T023800716000,58.284,55.479,60.99,181.88605575437782,,0.946,4.0,,+05:30
41,2026-09-22 05:18:46.995000+05:30,2026-09-22 05:21:24.245000+05:30,movesense_synapse|213330002589__20260921T234846995000,48.771,46.499,51.06,200.8359029709869,,0.997,4.0,,+05:30
41,2026-09-23 05:20:31.159000+05:30,2026-09-23 05:22:38.409000+05:30,movesense_synapse|213330002589__20260922T235031159000,62.093,56.869,79.75,138.45478734268218,,0.96,4.0,,+05:30
41,2026-09-24 08:28:34.553000+05:30,2026-09-24 08:31:11.803000+05:30,movesense_synapse|213330002589__20260924T025834553000,58.614,55.372,62.47,115.4433764358396,,0.999,4.0,,+05:30
41,2026-09-25 08:20:07.100000+05:30,2026-09-25 08:22:44.350000+05:30,movesense_synapse|213330002589__20260925T025007100000,60.523,57.519,64.12,61.398340331754625,,1.0,4.0,,+05:30
41,2026-09-26 05:33:58.527000+05:30,2026-09-26 05:36:35.777000+05:30,movesense_synapse|213330002589__20260926T000358527000,56.884,52.812,59.62,100.31323193474073,,0.997,4.0,,+05:30
41,2026-09-27 07:33:43.638000+05:30,2026-09-27 07:36:20.888000+05:30,movesense_synapse|213330002589__20260927T020343638000,56.062,54.514,57.23,164.1481407226222,,0.995,5.0,,+05:30
41,2026-09-28 05:45:26.172000+05:30,2026-09-28 05:47:40.922000+05:30,movesense_synapse|213330002589__20260928T001526172000,54.958,47.551,67.01,240.86347854387216,,0.964,4.0,,+05:30
41,2026-09-29 05:26:05.090000+05:30,2026-09-29 05:28:42.340000+05:30,movesense_synapse|213330002589__20260928T235605090000,56.901,50.24,68.66,220.995519626862,,0.955,4.0,,+05:30
41,2026-09-30 05:12:25.506000+05:30,2026-09-30 05:15:02.756000+05:30,movesense_synapse|213330002589__20260929T234225506000,55.293,48.945,66.34,303.2760164372658,,0.938,4.0,,+05:30
41,2026-10-01 05:03:07.854000+05:30,2026-10-01 05:05:45.104000+05:30,movesense_synapse|213330002589__20260930T233307854000,48.028,44.467,52.35,271.0426624158502,,0.997,4.0,,+05:30
41,2026-10-02 09:07:29.740000+05:30,2026-10-02 09:10:06.990000+05:30,movesense_synapse|213330002589__20261002T033729740000,55.552,47.797,60.77,197.59573157322748,,0.989,5.0,,+05:30
41,2026-10-03 05:10:57.973000+05:30,2026-10-03 05:13:35.223000+05:30,movesense_synapse|213330002589__20261002T234057973000,52.381,47.351,59.59,218.4154298578743,,0.972,4.0,,+05:30
41,2026-10-04 08:02:49.042000+05:30,2026-10-04 08:05:26.292000+05:30,movesense_synapse|213330002589__20261004T023249042000,60.411,55.31,67.25,101.7463320743283,,1.0,4.0,,+05:30
