athlete_id,start_time,end_time,session_id,avg_hr,min_hr,max_hr,training_load,acwr,acute_load,chronic_load,recovery_beats_60,zone_0,zone_1,zone_2,zone_3,zone_4,zone_5,movement_load,calories_burned,calories_from_fat,weight_lost_grams,movement_intensity,training_intensity,activities,report_quality,session_comment,timezone_offset,session_exertion_level
12,2026-09-06 05:09:34.966000+05:30,2026-09-06 07:12:42.216000+05:30,netrin_synapse|230630000020__20260905T233934966000,120.189,77.515,184.45,108.979,0.243,4.89,20.113,63,1410000.0,2286000.0,1896000.0,1317000.0,399000.0,81000.0,211.807,762.4597,424.2206,101.7,103.195,0.885,"[""running""]",0.977,150m 3 race,+05:30,high
12,2026-09-08 05:31:00.923000+05:30,2026-09-08 07:35:30.930000+05:30,netrin_synapse|230630000020__20260908T000100923000,126.753,87.664,171.58,122.32,0.296,6.251,21.12,38,297000.0,1809000.0,3705000.0,1224000.0,438000.0,0.0,206.835,870.4808,498.3153,116.1,99.64,0.982,"[""running""]",0.962,"Mini hurdle fly 20m ,30m",+05:30,high
12,2026-09-10 05:32:14.963000+05:30,2026-09-10 06:50:07.417000+05:30,netrin_synapse|230630000020__20260910T000214963000,118.997,78.276,163.97,64.825,0.262,5.361,20.495,40,897000.0,1365000.0,1470000.0,765000.0,180000.0,0.0,152.32,472.3893,272.9134,63.0,117.244,0.832,"[""running""]",0.98,"Hurdle mobility,mini hurdle run ",+05:30,moderate
12,2026-09-13 04:33:13.032000+05:30,2026-09-13 07:07:12.782000+05:30,netrin_synapse|230630000020__20260912T230313032000,124.669,82.695,177.1,144.701,0.266,4.907,18.478,44,954000.0,2280000.0,3660000.0,2100000.0,249000.0,0.0,204.415,1037.4099,605.6321,138.3,79.616,0.939,"[""running""]",0.991,150m 3 rep,+05:30,high
12,2026-09-15 05:29:23.843000+05:30,2026-09-15 07:02:23.593000+05:30,netrin_synapse|230630000020__20260914T235923843000,122.962,71.134,168.08,87.902,0.249,4.668,18.775,34,906000.0,1461000.0,1704000.0,1032000.0,480000.0,0.0,158.112,608.5535,339.4467,81.1,101.953,0.945,"[""running""]",0.984,Mini hurdle run 6 rep 40m ,+05:30,moderate
12,2026-09-17 05:24:40.826000+05:30,2026-09-17 07:11:03.136000+05:30,netrin_synapse|230630000020__20260916T235440826000,111.378,74.151,161.05,71.352,0.224,4.292,19.155,44,1893000.0,2424000.0,1428000.0,567000.0,75000.0,0.0,146.092,547.423,322.1236,73.0,82.344,0.67,"[""running""]",0.969,Hurdle mobility and mini hurdle run 6 rep ,+05:30,moderate
12,2026-09-18 06:07:40.311000+05:30,2026-09-18 07:33:55.061000+05:30,netrin_synapse|230630000020__20260918T003740311000,127.359,91.559,170.93,86.496,0.238,4.492,18.864,43,189000.0,1596000.0,2070000.0,906000.0,417000.0,0.0,149.427,607.5109,342.0616,81.0,103.889,1.002,"[""running""]",0.976,Block starts,+05:30,moderate
12,2026-09-20 06:18:34.143000+05:30,2026-09-20 06:44:19.052000+05:30,netrin_synapse|230630000020__20260920T004834143000,123.201,103.319,177.08,23.261,0.202,3.03,14.998,34,0.0,909000.0,342000.0,216000.0,81000.0,0.0,35.22,168.1276,95.1619,22.4,81.907,0.902,"[""running""]",0.983,150m ,+05:30,moderate
12,2026-09-22 05:29:05.563000+05:30,2026-09-22 07:22:05.552000+05:30,netrin_synapse|230630000020__20260921T235905563000,124.231,88.591,166.89,104.199,0.26,4.154,15.989,40,489000.0,2085000.0,2925000.0,894000.0,390000.0,0.0,178.657,750.6089,430.9916,100.1,94.82,0.922,"[""running""]",0.977,Mini hurdle run ,+05:30,moderate
12,2026-09-25 06:03:06.116000+05:30,2026-09-25 07:29:05.866000+05:30,netrin_synapse|230630000020__20260925T003306116000,119.777,89.084,172.98,70.346,0.214,3.274,15.275,39,399000.0,2472000.0,1497000.0,552000.0,225000.0,0.0,147.973,522.8455,301.9591,69.7,103.237,0.82,"[""running""]",0.959,110m 3 race,+05:30,moderate
